Name,Price,Spice level,_id
Chilli Chicken,12, Mild,636c57c063392310628989e8
egg 65,10.50, Mild,636c58f563392310628989e9
Buffalo wings,16.2, Very Spicy,636c59f163392310628989ea
Chicken nuggets,9.50, Medium,636c5a5063392310628989eb
Lamb wings,18.3, Spicy,636c5a7f63392310628989ec
Chicken Manchrian,11.5, Medium,636c5adb63392310628989ed
Paneer 65,13.5, Spicy,636c5b2063392310628989ee
Chicken Popcorn,13, Mild,636c5b6563392310628989ef
Chilli Shrimp,18, Spicy,636c5c7463392310628989f0
Beef fry,18, Spicy,636c5caf63392310628989f1