Name,Price,Spice Level,_id
Paneer Biryani,13,Spicy,636c5d5f63392310628989f4
Vegetable Biryani,10,Medium,636c5dc663392310628989f5
Chicken Biryani,15.5,Spicy,636c5e6063392310628989f6
Shrimp Biryani,18,Medium,636c5ebd63392310628989f7
Mutton Biryani,16.5,Very Spicy,636c5ee263392310628989f8
Lamb Biryani,15,Mild,636c5f2263392310628989f9
Pork Biryani,13.60,Medium,636c5fb163392310628989fa
Fish Biryani,13.8,Mild,636c609e63392310628989fb
 Chilli Biryani,10,Spicy,636c636a63392310628989fc
Chicken Fry Biryani,16,Spicy,636c64ae63392310628989fd