Customize Level,Name,Price,_id
Crispy,Ghee Dosa,12,636c650163392310628989fe
Crispy,Onion Dosa,13.3,636c65ec63392310628989ff
Soft,Ghee Idly,9.5,636c66e36339231062898a01
Crispy,Egg Maggi,10,636c67666339231062898a03
Spicy,Bread Omlette,12.6,636c68366339231062898a04
Medium Spicy,Lemon Rice,10,636c686a6339231062898a05
Crispy,Butter Naan,7,636c69266339231062898a06
Crispy,Garlic Naan,7.6,636c69526339231062898a07
Soft,Pongal,10,636c697a6339231062898a08
Spicy,Chicken Noodles,15.7,636c69ee6339231062898a09